Nome,CPF,Data de Nascimento,Idade,Rua,Numero,Bairro,Cidade,CEP,Telefone Celular
Vitória Gomes,013.259.647-43,18/11/1952,71,Alameda Peixoto,243,Dom Cabral,Moura do Galho,31668-088,+55 (021) 7508-9954
Erick da Cruz,017.862.934-04,30/03/1992,31,Núcleo Moura,7,Jardim Atlântico,Sales Paulista,72239326,81 7720-1503
Maria Fernanda Moreira,023.819.547-32,25/05/1997,26,Largo da Cruz,8,São Salvador,da Costa de Aragão,4244615,0300-966-2484
Maria Fernanda Moreira,023.819.547-32,25/05/1997,26,Trevo Souza,54,Jardim Guanabara,Castro,48179340,+55 41 6242 9896
Maria Fernanda Moreira,023.819.547-32,25/05/1997,26,Aeroporto Kamilly Castro,44,Copacabana,Farias,70072726,31 2050-9749
Maria Fernanda Moreira,023.819.547-32,25/05/1997,26,Estação Pereira,30,Castanheira,Ribeiro,01106-438,0800-520-8250
Pietra da Paz,029.816.754-94,10/10/2000,23,Setor Isaac Nunes,634,Paraíso,Aragão Alegre,24773-636,0800-093-4358
Amanda Castro,036.598.714-00,29/07/1992,31,Fazenda Juan Alves,64,Vila Primeiro De Maio,Vieira,12049301,(071) 3035 5770
Maria Fernanda Lopes,037.164.528-07,08/12/1944,79,Parque Moraes,32,Salgado Filho,Moreira,73931-969,(011) 7004 7265
Luana Ferreira,037.946.152-80,10/09/1959,64,Colônia Pedro Henrique Santos,53,Álvaro Camargos,Caldeira do Sul,06829-155,+55 11 8940 8905
Erick Lima,041.736.985-93,18/03/1991,32,Aeroporto Santos,45,Sion,Moura,73652528,+55 (071) 0712-9999
Júlia da Cruz,042.956.831-24,08/11/1983,40,Quadra Ana Sophia Araújo,2,Vista Alegre,da Mata,76364373,0300-670-6343
Dra. Lívia Castro,047.915.386-84,13/07/1989,34,Ladeira Miguel Santos,97,Taquaril,da Luz do Sul,60362-666,(031) 1977-3432
Sabrina Jesus,048.579.162-58,18/12/1992,31,Quadra de Aragão,86,Suzana,Vieira de Pinto,190762,(071) 0150-0733
Eduardo Costela,048.592.167-76,17/04/2001,22,Distrito Freitas,97,Mirante,Cunha,17282396,71 3962 9521
Juliana Sales,049.128.673-22,22/09/1986,37,Feira Cardoso,313,Buraco Quente,Alves de Oliveira,53894-306,0300 283 9565
Lucas Gabriel Costa,057.392.148-23,21/10/2003,20,Viaduto Ribeiro,18,Mariquinhas,Melo,40263283,(031) 5616-8897
Ana Duarte,057.642.319-06,31/01/1994,29,Praia Gonçalves,7,Nova Cachoeirinha,Lopes,23645924,+55 51 2489 1153
Vitor Pinto,058.469.317-66,02/10/1949,74,Travessa de Alves,72,Vila Havaí,Ferreira,80478699,+55 21 3239 3755
Daniel Nunes,061.795.238-86,29/07/1996,27,Alameda Luana Rocha,31,Conjunto Taquaril,Lopes,97956-775,31 0080 4260
Carolina Rodrigues,062.479.158-02,14/07/1953,70,Estrada de Souza,29,Conjunto Capitão Eduardo,Peixoto,80558797,71 6481-6192
Sra. Maria Melo,062.718.549-58,06/11/1960,63,Residencial da Rocha,631,Pompéia,da Cruz das Flores,33473-059,(061) 2901 7665
Natália Freitas,064.752.198-94,16/04/1999,24,Distrito de Alves,50,Grotinha,Silveira do Oeste,99140153,(041) 2848-4005
Enzo Gabriel Nunes,067.243.815-17,04/10/1982,41,Colônia Alexia Campos,234,Barro Preto,Freitas de Barros,75597-412,+55 84 4184 9547
João Felipe Melo,069.475.138-39,29/03/2005,18,Loteamento de Nunes,61,Conjunto Bonsucesso,Pinto Alegre,30931249,(011) 7240-0249
Nathan da Paz,072.135.649-43,16/03/1958,65,Alameda Sales,806,Beija Flor,Martins,57042-697,51 2426 7679
João Vitor das Neves,074.569.132-34,04/07/2003,20,Loteamento Renan Viana,867,Manacas,Nogueira,01929-737,+55 11 3021 2093
Maria Luiza Alves,079.624.513-43,04/08/1944,79,Loteamento de Souza,90,Vila Nova Cachoeirinha 3ª Seção,da Cruz,36342227,+55 11 3261-2154
Gabriela Cavalcanti,083.165.724-35,01/07/2004,19,Área Fernandes,4,Bonfim,da Conceição,73858-083,+55 61 5733-1581
Gabrielly Aragão,084.152.369-05,25/02/1948,75,Condomínio Ian Caldeira,72,Santa Helena,Ramos,63161-112,+55 61 1828 2572
Vitor Hugo Azevedo,084.276.315-53,31/08/1997,26,Residencial de da Cunha,37,Flamengo,Farias das Pedras,97715-476,+55 (061) 3949-4430
Yasmin Campos,084.762.159-67,06/08/1949,74,Campo Cunha,11,Fernão Dias,Vieira das Pedras,31996032,71 8905-6447
João Lucas Viana,086.594.237-47,10/08/1947,76,Núcleo Gabriel Oliveira,9,Túnel De Ibirité,Souza,31979040,+55 (084) 2301-0566
Murilo Moraes,086.741.953-93,18/10/1961,62,Distrito de Pinto,36,Engenho Nogueira,da Mata,53284087,0800 171 3728
Sr. Bernardo Santos,089.346.715-48,11/11/1956,67,Praia João Miguel Martins,166,Novo Tupi,Duarte dos Dourados,12591-516,+55 71 6584-4510
Gabrielly Silva,091.568.742-94,15/11/1987,36,Vale de da Mota,160,Guarani,da Costa da Prata,99920760,11 1974-1640
Brenda Costa,093.615.824-70,10/12/1986,37,Quadra Nicole Mendes,917,Brasil Industrial,Melo,7951149,+55 (021) 0682-6568
Vicente da Cunha,098.162.473-13,23/10/1992,31,Avenida Mirella Dias,99,Glória,Aragão,62863903,0900 895 4037
Luiza Rezende,104.732.869-04,25/01/1987,36,Vereda Luiz Gustavo Teixeira,9,Jardim Atlântico,da Luz,64067-949,+55 84 2358 5145
Augusto Fogaça,106.395.728-12,26/11/1970,53,Trevo João Guilherme Jesus,44,Esperança,Nunes,36867773,(041) 8362-4294
Julia Porto,106.972.584-67,14/12/1999,24,Área Helena Gomes,18,Vila Sesc,da Mata Alegre,35188868,31 8977-9639
Joaquim Aragão,109.476.328-40,31/12/1978,45,Recanto Vitor Hugo da Conceição,82,Vila São Geraldo,Silva,8957261,+55 31 3237 0120
Vinicius Castro,120.564.379-61,24/11/1955,68,Aeroporto da Rosa,6,Vila São Geraldo,das Neves,11161-150,+55 84 0883 8152
Ana Lívia Ramos,120.754.386-17,20/08/1990,33,Núcleo de Silveira,8,Vila Pinho,Castro,80511-057,+55 (031) 6364 6040
Olivia da Cunha,120.875.439-41,01/01/1999,25,Colônia Henrique Ramos,6,Morro Dos Macacos,Monteiro da Prata,8677995,+55 (081) 8646-1320
Maria Cecília das Neves,120.984.765-58,31/08/1981,42,Alameda de Almeida,959,Vila Sumaré,Novaes,71060-502,41 8692-4373
Benjamin da Cunha,124.065.398-06,14/01/1945,78,Sítio Nicolas Campos,749,Atila De Paiva,Barros de Martins,41762731,41 7226 7804
Clarice Carvalho,125.736.904-07,16/04/1963,60,Loteamento de Castro,1,Vila São Gabriel Jacui,Nascimento,92191-350,0500 059 8961
Diego Correia,126.039.845-51,27/04/1994,29,Conjunto de Silva,48,Vila Pilar,Porto,25694743,0500 865 0231
Dra. Maria Fernanda Freitas,126.834.079-04,27/09/1979,44,Setor Rodrigues,37,Novo Tupi,Porto,63932719,84 9970-1165
Sr. Ryan Ramos,128.695.470-30,28/05/1959,64,Jardim Calebe Freitas,845,Tiradentes,Moura do Galho,57105004,+55 51 0908 3652
Sr. Cauê Aragão,130.247.685-80,27/05/1970,53,Quadra Duarte,9,São Damião,Silva,90962-083,61 0115-5836
Rafael Cardoso,130.872.594-97,29/11/2002,21,Viela Jesus,43,Chácara Leonina,Caldeira,72914-631,+55 84 6205 6764
Joana Costela,135.046.827-44,01/04/1946,77,Lago Stella Sales,60,Liberdade,Campos da Praia,4780682,(031) 7617-0941
Raquel Oliveira,135.962.407-43,29/11/1966,57,Favela Maria Cecília Castro,69,Vila Copacabana,Castro,03810-165,+55 81 3450-8812
Bárbara Moreira,137.809.524-32,11/09/1961,62,Núcleo Melo,75,Nova Floresta,da Cunha do Amparo,29474-362,84 0973-1476
João Felipe da Mota,138.976.240-87,13/05/1983,40,Recanto Theo Souza,99,São Damião,Caldeira da Serra,72416516,+55 (061) 2332-2600
Evelyn Carvalho,140.295.387-97,30/07/1989,34,Conjunto Clarice Costela,79,Vila Das Oliveiras,Rodrigues,62839-433,+55 (051) 8883 5225
Sra. Yasmin Aragão,142.738.690-04,09/01/1965,58,Condomínio Mariane Oliveira,80,Tupi A,Mendes das Flores,35231140,+55 (071) 7573-8980
Leandro Pires,142.935.670-70,18/07/1964,59,Parque Jesus,13,Vila Paris,Santos,03291-363,+55 (041) 3116-6823
Elisa Farias,143.852.679-28,22/02/1944,79,Campo Farias,78,Dom Bosco,Nunes,49909660,+55 51 3741 7081
Marina Peixoto,145.763.028-17,06/08/1968,55,Vila Sophia da Luz,75,Jardim Dos Comerciarios,Carvalho de Rodrigues,78033-656,(084) 4710-2621
Ana Laura da Conceição,146.275.809-67,16/10/1988,35,Conjunto Gonçalves,1,Suzana,Dias,10385198,0800 870 2522
Arthur Pires,150.264.983-70,13/06/2005,18,Quadra de Pereira,93,Bonfim,Cardoso de da Mota,22168658,71 6904 6059
Fernando Ribeiro,150.937.846-48,17/12/1988,35,Largo Julia Silva,13,Cabana Do Pai Tomás,da Mata,7044448,0800 433 0501
Ana Julia Freitas,152.734.968-37,06/01/1996,27,Esplanada Mendes,26,Bairro Das Indústrias Ii,Dias,92819-985,+55 21 2376 0837
Valentina Vieira,156.984.327-91,15/04/1959,64,Setor Pereira,265,Vila Jardim Alvorada,Mendes da Serra,21156-869,+55 21 9509 6819
Sr. Diego Castro,157.496.802-58,03/01/1959,64,Quadra Pedro Miguel Rocha,94,Vila São Gabriel Jacui,Ramos de Goiás,52457013,+55 (071) 8924-8662
Helena da Costa,158.743.629-91,17/11/1946,77,Lagoa da Paz,753,Marieta 3ª Seção,Cavalcanti,93609101,+55 21 4236 0127
Maria Cecília Dias,159.742.368-82,03/03/1969,54,Pátio Sophie Viana,43,Vila Jardim Alvorada,Martins,58911399,(031) 6343-2030
Alana Pires,163.024.978-50,28/11/1962,61,Campo de Silveira,11,Castelo,Rocha da Prata,55347015,(031) 1191 3309
Levi Nunes,164.203.978-04,29/05/2003,20,Favela de Santos,63,Grota,Vieira da Mata,08774-187,0800 651 8377
Sophia Nascimento,164.239.570-61,15/11/1973,50,Vila Kevin Pinto,99,São Paulo,Aragão Alegre,84313060,+55 71 0504 1520
Eloah Campos,168.745.392-64,18/07/1978,45,Vale Maysa Cavalcanti,788,Vila Cloris,Barros,97464-986,+55 (031) 1902 6207
Rebeca da Paz,169.420.875-30,21/12/1971,52,Lago de da Costa,59,Pilar,das Neves,31739-044,(021) 4374-7581
Juan Porto,169.473.802-78,09/04/1953,70,Colônia Almeida,72,Estrela,das Neves do Campo,82371441,84 8222-7174
Marcelo Aragão,172.856.094-20,13/07/1962,61,Trecho de Oliveira,79,São Jorge 2ª Seção,Jesus,65725-621,84 8631 9303
Dra. Maria Luiza da Luz,173.450.689-00,06/04/1976,47,Colônia Aragão,2,São Pedro,Martins,77485475,(051) 1754 7052
Thiago Martins,174.826.359-55,09/09/1970,53,Travessa da Costa,2,Vila Das Oliveiras,Moreira,40635-327,0300 042 7655
Helena Peixoto,175.048.362-90,13/01/1956,67,Quadra Anthony Costa,7,Lourdes,Rezende do Galho,10024932,(011) 4285-0175
Ana Sophia Farias,175.296.308-30,08/11/2000,23,Vereda Vieira,26,Vila Barragem Santa Lúcia,Duarte de Goiás,3589371,0300 302 3825
Dr. Luigi Barros,175.329.064-34,13/09/1948,75,Distrito de Oliveira,11,Jonas Veiga,da Mata,67079-701,(081) 3505 1050
Lorenzo Correia,175.860.932-02,09/02/1968,55,Lago de Cardoso,32,Biquinhas,Cardoso,33579684,+55 (051) 0437-9876
Otávio Rezende,182.605.437-53,11/01/1983,40,Estação de da Mata,88,Graça,da Mota,19277-752,(071) 7582 6852
Larissa Cavalcanti,183.564.907-66,02/10/1947,76,Ladeira das Neves,31,Vila Piratininga,da Mata,26505780,(081) 3490 9697
Sr. Bruno Jesus,185.372.096-86,20/07/1988,35,Vila de da Luz,17,São Jorge 2ª Seção,Duarte,78989786,+55 (011) 7973-7942
Calebe da Paz,192.605.473-34,25/07/1959,64,Morro Viana,4,Goiania,Cardoso,43993979,(041) 1850 6924
Isaac Moura,193.657.082-30,04/09/2003,20,Lagoa Nascimento,85,Dom Silverio,Nascimento de Araújo,33209259,81 9505 6106
Matheus Rezende,197.560.384-20,08/12/2001,22,Vereda da Mata,15,Nova Granada,Oliveira Alegre,14370-080,+55 21 9045-5826
João Nascimento,204.751.863-62,19/01/1977,46,Praça de Mendes,7,Jardim Felicidade,Porto,29124-731,+55 (084) 6978 4056
Yago Novaes,207.814.653-62,10/04/1969,54,Ladeira de da Rocha,44,Vila Nossa Senhora Do Rosário,Lima de Correia,80193485,(084) 1468 7484
Yuri Lopes,207.943.681-31,21/12/1988,35,Loteamento da Rocha,96,Vila Madre Gertrudes 3ª Seção,da Cunha de Gonçalves,36986294,(021) 1147-1395
Bruno Barbosa,217.809.634-40,13/03/1973,50,Residencial Manuela Souza,86,Monte São José,Alves,82379409,(081) 8033 2790
Luana Nascimento,218.354.069-98,18/07/1980,43,Travessa Ramos,76,Penha,Lopes de da Costa,20036-979,(011) 1248 5926
Pedro Henrique Souza,219.086.753-30,28/10/2004,19,Favela de Nunes,39,Vila Maria,da Cruz,76454116,+55 31 8236-9785
Calebe Melo,231.850.749-04,02/09/1953,70,Recanto Davi Lucas Jesus,122,Fernão Dias,Cunha do Oeste,57631072,(061) 3804 3783
Nicole Cunha,234.168.957-46,17/10/1976,47,Alameda de Nogueira,3,São Jorge 1ª Seção,Dias,70035-900,+55 (021) 4543-7228
Danilo Fernandes,235.694.781-73,05/07/1998,25,Estrada Nogueira,96,Ribeiro De Abreu,da Conceição,44805617,81 4858-3166
Luiz Gustavo da Mota,235.709.684-56,07/09/1969,54,Vereda de da Cruz,81,Vitoria,Caldeira,29880262,(081) 5772 6555
João Pedro Moura,237.186.945-73,04/02/2003,20,Rodovia de Silva,196,Xodo-Marize,Jesus Alegre,28378798,+55 84 7970-8333
Dra. Mariane Cardoso,239.485.617-37,01/07/1987,36,Praça de Freitas,3,Vila Piratininga,Mendes,30237-448,+55 (041) 1924-6816
Júlia Azevedo,241.365.709-61,17/01/2003,20,Estrada de Rodrigues,873,São Salvador,Carvalho,99160564,0800-809-6119
Kaique da Rocha,241.703.865-07,21/05/1949,74,Alameda Manuela Viana,99,Custodinha,Souza,84435-625,81 8442 4245
Olivia Lima,243.916.580-89,30/01/1988,35,Recanto de da Mata,61,Providencia,Costela da Praia,539091,0500 455 3515
Evelyn das Neves,245.038.691-24,15/04/1965,58,Via de Barros,884,Dona Clara,Aragão,08186-647,+55 11 6178-1689
Luigi Nunes,246.805.973-56,21/01/1965,58,Recanto Yago Nogueira,43,Jardim Felicidade,das Neves do Amparo,82770260,(011) 3666 4068
Sr. Luiz Fernando Correia,249.317.806-87,05/10/1951,72,Pátio Eduardo Fogaça,27,Boa Viagem,Teixeira,32708921,41 1609-6462
Alice Mendes,249.651.783-19,24/12/1945,78,Parque Maria Fernanda Moraes,21,Grotinha,da Paz das Pedras,4071608,+55 11 6788 1407
Bernardo Barros,256.370.891-59,27/06/1950,73,Chácara Sales,557,Mala E Cuia,da Cunha,06363-179,+55 (084) 0623 1681
Diogo da Rosa,258.690.734-56,29/05/2004,19,Avenida Laura Almeida,3,Floresta,Fogaça de da Paz,16771-599,+55 41 2932 4783
Marcos Vinicius Nascimento,258.694.310-42,05/09/1966,57,Jardim Natália Santos,712,Vila Independencia 1ª Seção,da Luz,2284289,0300 028 1252
Giovanna Novaes,264.178.903-50,20/04/1964,59,Núcleo de Porto,9,Monte Azul,da Costa,82661-050,0900-769-7912
Ana Laura Nascimento,268.015.473-80,14/07/1987,36,Aeroporto de da Luz,170,Vila Jardim Leblon,Caldeira,20385-301,+55 (011) 1339-1063
Enzo Martins,269.041.378-78,05/07/2005,18,Distrito de da Rosa,88,Jardim Do Vale,Carvalho Verde,34249-698,+55 (061) 3442 3246
Dra. Mariane Souza,273.906.815-86,12/09/1993,30,Passarela Teixeira,2,Grotinha,da Cunha,66675734,+55 61 2149 0567
Catarina Cardoso,274.960.853-83,11/12/1965,58,Largo de Almeida,68,Vila Minaslandia,Jesus do Sul,67568094,+55 61 6574 1629
Eduardo Nunes,276.139.540-99,20/06/1959,64,Loteamento Cauã Costa,16,Pousada Santo Antonio,Costa,95002701,(051) 4512-8284
Ana Laura Ramos,276.819.305-40,02/12/1944,79,Setor Fernandes,12,Vila Novo São Lucas,Silva Grande,85705488,+55 41 5496 3766
Sra. Sophie Martins,279.851.304-97,20/06/2005,18,Lagoa de Duarte,1,Maria Helena,Rocha da Praia,22038-255,31 1893 5439
Dr. Marcelo Moreira,280.954.173-60,14/04/1995,28,Morro Fogaça,576,Boa Vista,Vieira,31978-107,+55 41 6196 0774
Luiz Henrique Azevedo,285.140.936-06,23/05/1946,77,Viela da Luz,972,Vila Nova Dos Milionarios,da Luz do Amparo,5091653,+55 81 1465-9909
Renan Barbosa,285.691.740-20,11/05/1993,30,Rua Ana Lívia Ramos,15,Vila Petropolis,da Conceição,88818-405,0800 747 3093
Lara Alves,286.057.394-10,13/07/1973,50,Feira Fogaça,90,Belvedere,Gonçalves Alegre,84643269,+55 (021) 8908-7319
Erick Fernandes,286.419.375-28,22/05/1981,42,Viaduto Pereira,42,Vila Santa Monica 1ª Seção,Freitas das Flores,43477-522,+55 31 0675-8942
Laura Freitas,286.503.479-83,06/02/1995,28,Viela Elisa Monteiro,13,Santa Terezinha,Santos,80263-057,0900-101-1610
Rodrigo Barros,286.730.914-03,14/10/1997,26,Colônia Barbosa,36,Vila Paraíso,Costela Verde,33910-352,(021) 3145-7857
Nicolas Farias,287.396.054-00,24/09/1998,25,Passarela de Moura,747,Serra,Barros,48040232,+55 (084) 6960-1842
Maria Carvalho,289.145.670-01,12/04/1960,63,Trecho Pereira,46,Vila Primeiro De Maio,Caldeira,04608-823,+55 (071) 7410-1335
Calebe Fernandes,290.417.563-61,28/12/1946,77,Lago de das Neves,66,Serrano,Monteiro,30883-232,(031) 1260-9501
Ana Laura Gonçalves,290.613.874-69,31/01/1975,48,Viela de Correia,85,Vila São Rafael,Viana das Pedras,39585-997,81 2572 3050
Carlos Eduardo das Neves,290.864.517-30,18/05/1996,27,Via Nicole da Cruz,43,Vera Cruz,Vieira do Oeste,5719135,71 5873 6283
Thomas Alves,291.750.463-34,15/03/1962,61,Pátio Campos,10,Gameleira,Nascimento,35369-076,71 9856-1803
Joana Almeida,293.476.501-61,04/07/1971,52,Estrada de Pereira,8,Inconfidência,Rodrigues,47267-773,+55 (031) 8650-9759
Alana Ramos,293.540.817-97,12/06/1992,31,Sítio Cunha,84,Pilar,Silva,47200723,71 0871-3067
Heitor Carvalho,294.701.568-11,24/11/1993,30,Esplanada Sales,91,Alípio De Melo,Araújo de Mendes,46150-701,+55 (041) 4219 5983
Dr. Luigi Fernandes,294.876.051-85,20/01/2002,21,Praça Leonardo Moraes,5,Camargos,Moraes de Nogueira,67090-872,11 8312-4745
João Lucas Barbosa,296.817.540-85,22/03/1997,26,Esplanada Camila Cardoso,24,São Jorge 2ª Seção,Nogueira,35643-265,(041) 4249 3450
Marina da Mata,301.649.782-40,05/12/1991,32,Rodovia Maitê Barros,19,Esperança,Carvalho do Norte,81545428,21 6411-2061
Enrico Barros,301.729.456-07,12/09/1999,24,Trecho Matheus Nascimento,62,Ademar Maldonado,da Luz,24112-556,+55 84 7895-0178
Pedro Henrique da Mata,301.845.762-53,29/02/1948,75,Área de Farias,14,Ambrosina,da Mota de Freitas,30136-819,(041) 2042-7527
Ana Vitória Rocha,305.214.796-06,21/07/1970,53,Passarela de da Mata,11,Vila Das Oliveiras,Pinto,53121875,(021) 0672-8596
Lucas Gabriel Ferreira,306.794.821-13,06/10/1988,35,Favela Felipe Castro,891,Estrela,Pires,46517317,31 6549-9979
Raquel Rezende,307.128.695-30,19/01/2001,22,Rodovia Gabriela da Luz,4,Saudade,Rocha,23629098,+55 (081) 4349 6886
Yasmin Ferreira,309.254.871-04,08/07/1958,65,Estrada Sofia Lopes,550,Santa Maria,Jesus Paulista,97005-781,(071) 3324 8741
Eduarda Costela,310.467.895-20,08/09/2004,19,Núcleo Alexia Moreira,676,Delta,Souza,99032-232,61 3196-4755
Natália Silva,310.854.269-98,24/05/2005,18,Área Maria Moraes,335,São José,Dias,95403-057,+55 (084) 3277 7467
Marcos Vinicius Martins,315.824.076-90,20/11/1977,46,Rua de Nogueira,5,Boa Vista,Fernandes,74019-981,(011) 4578-7611
Dr. Kevin Araújo,316.450.897-20,24/07/2005,18,Fazenda Cardoso,81,Barroca,Pereira Grande,71164-113,31 5512 6310
Srta. Ana Carolina Rodrigues,316.972.054-61,04/07/1947,76,Chácara Felipe da Cruz,98,Paraíso,Aragão do Campo,67086-471,(011) 8796 4766
Dra. Gabriela da Mata,317.896.205-03,10/11/1986,37,Vereda Ferreira,842,Floresta,da Mota,97442324,51 7454 9970
Srta. Joana Ferreira,318.509.672-02,03/07/1963,60,Rua Raquel Ferreira,72,Colégio Batista,Souza,97767-110,+55 (051) 9441 1861
Marcos Vinicius Pires,318.564.209-06,15/10/1992,31,Passarela Maria Alice Caldeira,52,Varzea Da Palma,Costa dos Dourados,57007051,(071) 9329 5178
Alexia Aragão,320.849.571-41,05/07/1947,76,Passarela Rodrigues,70,Leticia,Duarte de Minas,2150929,(021) 6805-8722
Maria Sophia Duarte,321.809.756-86,29/07/2004,19,Praça de Freitas,4,Vila Paris,Nascimento,57364808,+55 51 0501 5863
Ana Luiza Azevedo,325.709.618-68,25/02/1986,37,Área Ferreira,82,Caiçaras,Lopes,66621-339,(011) 2862 0825
Sra. Isabel Oliveira,325.807.461-53,20/12/1948,75,Lagoa da Paz,15,Providencia,Barros do Galho,50420-310,21 2418 6706
Bryan da Mata,325.871.609-95,08/04/1992,31,Recanto Ramos,32,Túnel De Ibirité,Moura Verde,76041-671,+55 81 9095 0632
João Guilherme Gonçalves,341.206.978-78,25/09/1962,61,Vereda Dias,1,Santa Monica,Mendes,39868572,+55 (084) 9927-3764
Helena Santos,342.086.915-06,21/03/2003,20,Praia de Teixeira,75,Madri,Ribeiro de Minas,66361708,(051) 7669 0102
Marina da Mata,342.698.507-10,14/10/1993,30,Lagoa Henrique Monteiro,87,Rio Branco,Cavalcanti,87735601,61 1703-7738
Camila Fogaça,346.812.750-26,19/04/1993,30,Fazenda de Costela,73,Vale Do Jatoba,da Rocha,82335952,+55 (011) 1995-1053
Dra. Milena da Paz,348.607.251-07,02/08/2003,20,Chácara Clara Almeida,85,Vila Aeroporto,Jesus,31694541,21 2655-0952
Maria Alice Moreira,350.126.487-90,01/06/1956,67,Loteamento Nina Moraes,75,Bernadete,Silva Paulista,58621624,(071) 7898 2850
Sr. Lorenzo da Mota,350.961.472-07,11/03/1976,47,Estrada Marcos Vinicius Rezende,778,Virgínia,Dias Verde,25724615,0800 725 1522
Gabrielly da Paz,354.701.968-01,18/05/1951,72,Favela Barbosa,32,Vila Nova Cachoeirinha 2ª Seção,Vieira Alegre,50248014,21 2201 2197
Lorenzo Melo,356.049.218-15,21/11/1957,66,Vale Leonardo Carvalho,68,Miramar,Rodrigues da Mata,58716203,84 8964 2366
Ana Sophia Nascimento,357.496.218-55,24/10/1950,73,Loteamento Carvalho,23,Dom Bosco,Gomes,37024-962,+55 31 9064 8434
Luiz Felipe Aragão,358.297.410-32,24/09/1994,29,Condomínio de da Luz,68,Nova Gameleira,Costela,97394-024,61 4405 9723
Maria Cecília da Mata,361.928.470-96,05/07/1990,33,Feira Araújo,94,Granja De Freitas,Martins de Fernandes,12820067,+55 (071) 3324-0143
Nicolas Nogueira,364.598.127-64,11/08/2005,18,Trecho de Rocha,400,Mirante,Farias do Oeste,19199863,(084) 0597-3847
Yuri da Luz,364.790.821-50,14/05/1997,26,Sítio Lima,32,Glória,da Luz,52202-839,61 2450-0433
Alana Nunes,367.194.825-64,29/09/1974,49,Jardim da Rosa,78,Xodo-Marize,da Mata de Moura,05111-610,+55 31 9127 3101
Maria Ribeiro,367.450.912-16,08/04/1953,70,Trecho Agatha Campos,53,Bandeirantes,Freitas,54110-141,0900 667 6950
Raul Dias,369.421.507-70,25/09/1970,53,Conjunto Fernanda Carvalho,80,Ribeiro De Abreu,Ferreira Verde,42264680,(051) 2906-6698
Yuri Cardoso,370.489.152-50,16/12/1997,26,Largo Laura Azevedo,741,Vila Petropolis,Moraes,98705-506,+55 (071) 8624-4027
Marcelo Duarte,371.604.258-71,09/08/1971,52,Colônia de Alves,7,Esplanada,Caldeira,78227-287,+55 (051) 2591 1446
Guilherme Azevedo,374.501.268-26,29/04/1962,61,Trecho Marcos Vinicius Cardoso,64,Manacas,Carvalho,32749-233,+55 (081) 7917-1640
Sr. João Lucas Cardoso,375.860.491-57,27/04/2001,22,Vila Matheus da Mota,7,Conjunto Serra Verde,da Mata,46267400,(021) 8041 4364
Eloah Teixeira,378.169.024-50,18/12/2002,21,Travessa Natália Duarte,92,Senhor Dos Passos,da Mata da Prata,76916806,41 3196 7918
Ana Laura Barbosa,379.805.162-30,06/09/1977,46,Praça Helena Cardoso,56,Suzana,Jesus,51470293,(061) 0553-1687
Fernanda Pires,380.617.942-50,09/08/1955,68,Distrito Luiza Carvalho,20,Nova Pampulha,Costa,52599-519,+55 84 7669 0430
Arthur Oliveira,381.520.467-44,19/05/1962,61,Aeroporto Sales,45,Vila União,Rocha Verde,52724-765,+55 (084) 4798-1837
Arthur Souza,382.459.170-79,13/04/1949,74,Fazenda de da Rosa,6,Bonfim,Jesus,37635918,+55 (041) 1157-7626
Theo Moraes,384.106.952-51,06/01/1953,70,Recanto Lima,48,Vila Canto Do Sabiá,Rocha da Serra,35996240,+55 71 2560 8117
Mirella Pinto,384.916.720-87,04/07/1983,40,Núcleo de das Neves,44,Cinquentenário,Pinto,47682909,+55 (061) 3553 7520
Juan da Costa,387.596.102-12,01/08/1945,78,Residencial Costela,35,Vila Da Paz,Castro das Flores,35871886,+55 21 9185-4075
Carolina Aragão,392.061.754-16,03/11/1953,70,Quadra Maria Julia Cavalcanti,6,Marieta 2ª Seção,Gonçalves,45438381,(084) 4387-2598
André Gomes,394.126.758-28,26/01/1954,69,Residencial Caroline Martins,74,Maria Virgínia,da Mota de Minas,13519248,0300-791-1380
Ian Cardoso,394.286.107-04,06/07/1954,69,Viaduto Monteiro,618,Vila Piratininga,da Costa Paulista,87169838,(041) 0409 2177
Maria Fernanda Correia,395.624.087-10,08/02/1966,57,Estrada de da Paz,807,Serra,Fogaça dos Dourados,51282-942,+55 (061) 6135-8097
Luiz Felipe da Rosa,397.046.582-65,25/11/1997,26,Praia de Lopes,2,Atila De Paiva,Martins,54314282,+55 81 8086-2478
Dr. Pedro Miguel Souza,397.615.028-21,13/03/1946,77,Passarela de Souza,596,Mirtes,da Mata do Oeste,84961172,71 3581 8569
Srta. Isadora Peixoto,398.605.742-00,19/09/2002,21,Ladeira de Moreira,11,Coração De Jesus,Pires do Oeste,57683-271,61 8876-8773
Vitória Vieira,398.615.240-70,04/11/1968,55,Chácara Luiz Otávio Pires,20,Vila Independencia 1ª Seção,da Paz do Norte,94926-324,+55 (071) 5256 5708
João Lucas Lima,403.917.256-61,25/01/1959,64,Morro de Moraes,3,Das Industrias I,Freitas da Praia,98090-724,+55 81 5133-5031
Isaac Duarte,406.857.912-11,18/11/1954,69,Viaduto Calebe Cardoso,916,Alto Das Antenas,Azevedo de Minas,03812-502,(051) 7689 8186
Davi Lucca Fernandes,413.698.270-40,06/06/1957,66,Ladeira de Costa,928,Santa Rosa,Carvalho,61810-389,0500 282 8240
Sra. Milena Costela,413.752.069-07,12/09/2000,23,Travessa Vicente Lima,95,Itaipu,Alves,45119-559,(061) 5681-5442
Lucas Gabriel Pires,415.972.863-46,18/09/1996,27,Estação Ribeiro,88,Jaqueline,Rezende Paulista,10955840,(011) 0644-6911
Breno Pires,416.783.059-01,04/09/1967,56,Parque Silva,584,Luxemburgo,Fogaça do Norte,35619-607,(081) 2747 8142
Srta. Caroline Barros,419.753.620-80,10/12/1963,60,Quadra de Cunha,25,Pompéia,Pinto Grande,34745460,+55 61 3053-5055
Yasmin Ferreira,421.073.869-78,15/05/1973,50,Recanto Novaes,60,Vila Rica,Moraes,56698-332,21 4764-7319
Sophia Barbosa,421.395.076-06,26/04/1969,54,Pátio de Mendes,50,Miramar,Duarte,98895-216,11 8342-3565
Heloísa das Neves,425.918.630-24,03/02/1996,27,Distrito de Santos,88,Senhor Dos Passos,Fernandes do Norte,57511-408,41 8841-7559
Danilo Silva,426.098.351-24,22/12/1975,48,Fazenda de Fogaça,5,Boa Viagem,Melo da Serra,58103-073,+55 61 3513 5485
Danilo Silva,426.098.351-24,22/12/1975,48,Vila Ana Vitória da Cunha,2,Dom Cabral,Viana Verde,15851-053,(071) 6208 9994
Danilo Silva,426.098.351-24,22/12/1975,48,Morro da Mata,594,Conjunto Taquaril,Caldeira,4587920,51 3672 3989
Danilo Silva,426.098.351-24,22/12/1975,48,Passarela de da Mota,4,São Lucas,Moura das Pedras,62615-638,81 4361-5172
Srta. Maria Clara Moraes,431.285.067-44,28/01/1961,62,Jardim Diogo Melo,878,Vila Novo São Lucas,Moraes do Norte,40882-089,41 4063 7955
Pedro Lucas Gomes,431.857.962-09,14/03/1951,72,Morro Lara Ferreira,37,Pilar,da Luz de Goiás,46969576,84 2935-8711
Joaquim Ferreira,432.698.701-40,04/12/1953,70,Morro Lucas Gabriel Vieira,477,Vila Petropolis,Vieira,99976270,(071) 6255-1420
Sr. Benício Vieira,452.830.791-04,16/06/1968,55,Parque de da Luz,454,Parque São José,Rocha do Sul,6665122,+55 (061) 1484-8767
Vitor Campos,456.397.182-00,26/05/1956,67,Rodovia Beatriz Cardoso,24,Cdi Jatoba,Ribeiro,44711408,+55 51 3008 3557
Sr. Erick Moura,457.831.920-23,06/08/1994,29,Núcleo de da Cruz,35,Coqueiros,Ramos de Lima,57490548,+55 (084) 3717 9437
Francisco Cardoso,459.820.761-20,15/04/1986,37,Fazenda de Ramos,27,Grajaú,Farias,37856260,84 1802 1493
Sabrina Campos,461.093.785-93,02/03/1991,32,Passarela Lima,1,Tupi A,Lopes de Santos,94814-909,81 3682 8196
Cauê Correia,463.751.082-17,07/03/1994,29,Pátio Levi Alves,384,Confisco,Fernandes de Peixoto,92495-404,0300 083 9084
Clarice Cardoso,465.217.893-09,24/03/1980,43,Lago João Vitor Gonçalves,8,Biquinhas,Lima do Campo,57339382,(061) 4230-0456
Vitor da Cruz,465.931.807-93,05/05/1947,76,Ladeira Vieira,8,Leticia,Oliveira de Novaes,91461740,+55 61 4362 9937
Gabriel Moura,465.970.238-38,10/01/1964,59,Praia de Lopes,786,Santo Agostinho,da Costa,2209963,(011) 4004-3366
Esther Moraes,467.359.028-74,12/07/1975,48,Largo Juan Silveira,298,Monte Azul,Cardoso do Campo,87991-627,+55 (071) 2354-5624
Ana Carolina Campos,471.682.053-07,24/04/1992,31,Sítio Enzo Cardoso,902,Dom Bosco,da Costa da Praia,89773318,(084) 9126 2040
Lucas Gabriel Pereira,472.593.180-23,05/11/1963,60,Trecho Ribeiro,73,Ipiranga,Lopes,68340781,+55 (081) 4149-3329
Maitê Pinto,472.913.865-19,16/11/1949,74,Área da Luz,74,Fernão Dias,Silva da Praia,70434944,51 8398 3637
Maria Clara Dias,479.263.051-70,08/12/1959,64,Ladeira Martins,500,Vila Havaí,Pinto do Campo,86361-843,21 6354-4041
Ana Clara Nascimento,479.286.150-02,24/01/1951,72,Praça Ryan da Mata,72,Nova Suíça,da Rocha,07466-407,+55 (061) 4300 9804
Gabriel Sales,480.753.296-00,09/11/1956,67,Parque Almeida,729,Lagoinha Leblon,Viana de Almeida,10292728,+55 81 5839-9261
Gabriel Sales,480.753.296-00,09/11/1956,67,Lagoa Vitor Correia,596,Vila Tirol,Pinto,62276-129,+55 (084) 4192 8479
Laura Cardoso,482.365.917-19,08/02/1969,54,Recanto João Vitor Peixoto,8,Carmo,Martins,62862319,+55 (041) 5190 6599
Alexandre Oliveira,483.096.751-00,13/03/1950,73,Loteamento de Jesus,1,São Tomaz,Melo de da Mota,15154-843,+55 84 8021 4776
Catarina Teixeira,486.137.520-71,23/02/1971,52,Estação Nina Aragão,181,Jardim Montanhês,Barbosa de Araújo,69873-645,(084) 1532 2431
Erick Peixoto,486.250.173-71,24/09/2001,22,Área da Rosa,687,Vila Esplanada,Porto,68127-582,(021) 7333 7683
Sra. Natália Fernandes,486.715.930-10,10/08/1966,57,Praça de Dias,6,Caetano Furquim,Barbosa das Pedras,94758-460,(071) 5745 3111
Sra. Natália Fernandes,486.715.930-10,10/08/1966,57,Condomínio Dias,8,Cruzeiro,Alves,31324-855,51 3584 4810
Sra. Natália Fernandes,486.715.930-10,10/08/1966,57,Setor Almeida,52,Leticia,Nunes de Melo,99594-895,+55 (031) 3862-5585
Matheus Ramos,490.856.731-00,12/02/1963,60,Viaduto Sophia Rodrigues,859,Buritis,Pires,96988356,84 9829-9303
Beatriz da Luz,491.362.785-64,27/04/1980,43,Parque Marcela Peixoto,46,Novo Tupi,Caldeira do Oeste,5388339,+55 71 6603-6886
Luna Costela,492.576.138-28,14/10/1979,44,Aeroporto de Martins,61,Vila São Geraldo,Silva das Pedras,11681-705,+55 51 3099 9549
Sr. Luigi Ramos,496.521.708-01,20/09/1953,70,Núcleo Nogueira,79,Túnel De Ibirité,Silva,64633-732,(021) 1246 6027
Carlos Eduardo Rocha,501.382.964-05,16/05/1967,56,Chácara Maysa da Rosa,19,Vila Olhos D'água,Nunes,99664547,(084) 2547-9653
Dra. Elisa Gomes,501.763.892-02,11/06/1987,36,Trevo de Mendes,70,Cidade Jardim,Alves do Sul,68740750,+55 84 7939 5409
Davi Lucca Sales,501.897.643-84,11/09/1948,75,Lago Luna Ferreira,976,Caetano Furquim,Aragão de Moreira,5064815,+55 84 7172 0007
Manuela Nogueira,504.276.913-70,25/05/2002,21,Passarela Moreira,2,Cidade Nova,Lima,23531591,81 4232 7925
Luna da Mota,504.381.692-98,09/11/1970,53,Chácara de Cardoso,40,Lindéia,Martins,36027271,0800-685-5906
Paulo Jesus,507.829.436-83,11/06/1993,30,Parque da Mata,7,Grotinha,Nascimento dos Dourados,80983311,51 2557 4977
Beatriz Monteiro,507.942.368-47,12/01/1953,70,Lagoa Santos,8,Alto Das Antenas,da Mota,52443-568,+55 (051) 5740 1163
Milena Ferreira,509.726.831-86,10/05/1962,61,Esplanada Francisco Cardoso,9,Conjunto Providencia,Cardoso,96933-500,+55 21 8870-8368
Emanuella Campos,510.367.948-57,01/03/1978,45,Colônia Ana Luiza Santos,20,Marilandia,Araújo,37978-499,(081) 8049 4777
Emanuella Campos,510.367.948-57,01/03/1978,45,Estrada Luiz Gustavo Cavalcanti,3,Vila Ipiranga,Peixoto,83453749,+55 71 9932 0757
Davi Lucas Gomes,513.694.207-06,13/06/2004,19,Residencial Costa,431,Vila Suzana Segunda Seção,Costela do Norte,90435542,11 1042-9448
Beatriz Farias,513.697.048-01,14/09/1962,61,Praça de da Paz,6,Diamante,Jesus do Campo,53893-363,31 3448-9800
Rafael Vieira,517.894.263-91,05/07/2001,22,Rodovia Maria Sophia Santos,65,Santa Helena,Barros da Serra,88552280,(041) 5698-8591
Srta. Olivia Rocha,519.706.382-30,03/09/1981,42,Rodovia de Costela,37,Carmo,Novaes,90094-540,(021) 4747-9258
Eduarda da Cruz,519.826.034-70,25/03/1950,73,Viela de Farias,44,João Pinheiro,Carvalho de Goiás,66736-324,31 7373-3898
Lucas Pereira,532.094.617-16,28/01/1945,78,Lagoa de Almeida,57,Mangueiras,Jesus,35746771,+55 31 8832-1306
Antônio da Luz,532.609.471-16,24/05/1991,32,Estrada Pinto,48,Braúnas,Mendes das Flores,40254745,+55 (011) 3841 5475
Isadora Gomes,532.986.714-28,01/08/1979,44,Lago Sophie Almeida,97,Mariquinhas,Nascimento do Norte,32750026,51 2712 0216
Rafael Peixoto,536.209.417-34,14/12/1996,27,Residencial Caldeira,191,Vila Paquetá,Melo,84617-968,+55 (084) 2083-5559
Luiz Felipe Gonçalves,536.942.871-91,25/12/1980,43,Feira das Neves,92,Santa Sofia,Araújo,8125331,(041) 5372-2152
Cecília Cavalcanti,540.683.712-53,22/08/1978,45,Sítio Costa,73,Vila Boa Vista,Mendes Verde,25931813,0300-546-2429
Lara Correia,542.839.761-64,08/08/1952,71,Campo da Costa,64,Serra Do Curral,Costa Grande,99781125,(084) 9648 7590
Felipe Freitas,546.309.721-61,18/06/1973,50,Estrada de Freitas,806,Padre Eustáquio,Fernandes do Norte,05996-354,+55 (051) 4520-6840
Ryan Araújo,547.328.961-46,24/05/1956,67,Quadra de Oliveira,38,Jardim Alvorada,Pinto do Sul,60980232,+55 (081) 4202-0855
Davi Lucca Moura,547.361.098-66,11/01/1984,39,Sítio Aragão,5,Flavio Marques Lisboa,Gomes,09858-387,+55 84 9536-2631
Dra. Joana Aragão,548.639.721-64,30/07/1949,74,Condomínio Castro,43,São Vicente,Monteiro de Martins,84365-969,+55 (031) 4556 4566
Kevin da Luz,571.249.603-80,21/04/1948,75,Vila de Pereira,95,Engenho Nogueira,Alves,44811-511,+55 31 2102 5469
Bruna Peixoto,574.319.802-05,24/09/1971,52,Praia de Pinto,26,Conjunto Santa Maria,Peixoto da Prata,94920-759,(071) 6779-3447
Joana Ribeiro,576.032.918-95,26/10/1993,30,Chácara de Fernandes,2,Santa Rosa,Sales,66846-922,(021) 5633 4639
Breno Cunha,576.328.901-30,29/06/2006,17,Fazenda Cavalcanti,576,Renascença,Duarte das Pedras,86905516,+55 (071) 3186 2690
Srta. Maria Eduarda Sales,583.042.719-23,12/08/1964,59,Feira Nina Moreira,601,Grota,Moreira de Sales,21319986,+55 11 8292 1293
Maria Cecília Rezende,583.901.467-20,18/06/1998,25,Aeroporto Maria Julia Teixeira,87,Fernão Dias,Nascimento do Galho,29099927,+55 (081) 1651 9260
Bruno Nunes,586.094.317-20,22/09/1985,38,Campo de da Paz,17,Petropolis,Castro,35922-703,+55 31 1831-7360
Sofia Correia,586.194.730-93,21/06/2003,20,Fazenda de Ribeiro,57,Aparecida,Cunha do Sul,84409-280,+55 (021) 4797 8836
Alana Vieira,587.329.461-55,25/12/1976,47,Parque de Silva,6,Cdi Jatoba,Santos,58617-904,0300 829 0267
Vitória Caldeira,589.014.367-01,19/08/1994,29,Loteamento Ribeiro,52,Coração De Jesus,Pires de Alves,30662458,(071) 3024-3573
Caroline Cunha,590.726.134-06,14/10/1947,76,Condomínio de Cardoso,693,Maria Goretti,Correia de da Luz,41888-420,+55 (051) 5079-7292
Manuela Correia,591.284.307-60,16/08/2006,17,Vila de Silva,33,Campo Alegre,Gonçalves,43373886,+55 84 4976-8661
Bryan Rodrigues,593.427.806-10,19/03/1976,47,Quadra Viana,337,Sagrada Família,da Conceição de Jesus,91293-714,81 0320-1978
Evelyn Santos,596.032.147-52,21/06/2005,18,Campo de Aragão,72,Savassi,Fernandes,94042-891,61 4601-4345
Anthony Mendes,596.187.324-28,22/01/1961,62,Rodovia Porto,76,Vila Atila De Paiva,Freitas,49047997,21 3649 1639
Eduardo Cardoso,596.310.748-20,26/03/2000,23,Aeroporto de Araújo,89,São Luiz,da Costa,66287550,+55 (021) 3105 8692
Leonardo Moura,597.126.804-01,01/02/1949,74,Praça Barros,1,Urca,Ramos,35669-303,+55 (021) 9413-8404
Rafaela Teixeira,605.273.914-25,28/12/1965,58,Colônia de Lopes,805,Vila Copasa,Teixeira,97084193,41 3896 2335
Dra. Beatriz Barbosa,607.831.594-39,05/08/2000,23,Conjunto Enzo Gabriel Correia,59,Santa Efigênia,Teixeira do Galho,86842946,(071) 8916 0374
Maria Alice Fernandes,609.723.158-02,09/09/1956,67,Conjunto Freitas,7,João Alfredo,Moreira,64442567,51 1387 3178
Ana Sophia Gomes,609.813.574-66,26/02/1966,57,Largo de da Rosa,13,Serra Verde,Souza,12982897,+55 (031) 2025 7673
Yuri Pires,610.542.378-08,25/11/1966,57,Área Diogo Moreira,9,Vila Das Oliveiras,Lima de Silva,70637-292,(031) 5351 9604
Yasmin da Mata,610.574.892-20,03/03/1975,48,Sítio Pires,41,Santa Tereza,Rodrigues,58887-252,+55 84 2023 4591
Enzo Teixeira,612.083.497-40,27/10/1977,46,Núcleo da Paz,4,Cidade Jardim,Gomes,16814475,(031) 9671 5297
Sr. Erick Martins,612.478.953-19,03/04/1949,74,Lago Bárbara Rodrigues,50,Vila Nova Paraíso,das Neves,04770-107,51 4268 0677
Gabriela Silveira,612.987.345-09,30/04/1971,52,Rua de da Conceição,341,Vila Aeroporto Jaraguá,Fernandes,10852-898,(084) 6523 3861
Sra. Sophia Alves,614.235.079-16,17/05/2005,18,Recanto Letícia Cunha,96,Vila Madre Gertrudes 4ª Seção,Cardoso da Prata,21162331,+55 21 3276-2367
Emanuel Nascimento,617.358.029-21,09/02/1990,33,Setor da Mata,87,Novo Ouro Preto,Silva do Oeste,34507-811,0300-801-7823
Ana Laura Costela,618.437.205-07,21/03/1956,67,Colônia de Monteiro,172,Pindorama,da Conceição de Minas,42749498,+55 (071) 9685 1103
Fernando Oliveira,619.348.507-48,19/11/1963,60,Lago Melo,32,Buritis,Moraes,54384912,+55 61 9218-9717
Vitor Hugo Nogueira,619.857.304-48,18/12/1962,61,Ladeira Isabelly Mendes,48,São Pedro,Costa da Praia,76300413,(071) 9205-4215
Felipe da Paz,620.817.395-77,02/11/1947,76,Lago Juliana Moreira,97,Camponesa 2ª Seção,Cardoso Alegre,89121-794,0500 237 5969
Ian Monteiro,621.453.879-19,01/08/1959,64,Morro Ferreira,36,Cidade Nova,Moreira da Mata,28951-282,0300 339 3884
Srta. Mariana Martins,621.975.043-80,10/11/1950,73,Praça Rodrigues,506,Vila Novo São Lucas,Rezende de da Mota,27495-959,+55 (011) 2921-7367
Stephany da Mata,625.834.197-73,08/04/2002,21,Morro Luiz Miguel Fernandes,66,Cinquentenário,da Mota do Amparo,14233366,+55 (021) 2228-5946
Luiz Fernando Correia,627.453.198-09,09/01/1952,71,Rodovia Fernandes,83,Santa Rita De Cássia,Araújo de Minas,67038182,+55 (031) 8849 3187
Sra. Ana Luiza Souza,629.307.418-13,05/08/1989,34,Morro Emanuella Ferreira,18,Salgado Filho,Teixeira,53487689,31 8734 8232
Alexia da Costa,629.730.541-25,29/06/1996,27,Estação de Farias,19,Silveira,Araújo de Pinto,42887614,+55 41 9027 4508
Maysa Costa,634.170.289-22,28/11/1967,56,Avenida Campos,4,Pilar,Caldeira,83858-710,(061) 6952 5768
Dra. Lara Mendes,634.721.859-37,23/11/1998,25,Distrito das Neves,120,Europa,Pinto do Sul,16865-131,71 5969 2731
Ana Julia Martins,634.870.921-31,09/10/1966,57,Distrito de Peixoto,43,Renascença,Fogaça,31147867,(071) 4667-8842
Srta. Luana Novaes,635.149.720-52,13/10/1987,36,Setor de Campos,56,Nazare,Martins do Amparo,45455111,11 1371 7804
Calebe Pinto,637.214.089-69,16/03/1994,29,Colônia Vieira,6,Santa Isabel,Cunha de Jesus,90666382,(081) 8007-4394
Ana Luiza da Cruz,638.745.201-53,21/02/2000,23,Campo de das Neves,37,Vila Atila De Paiva,Melo,60796083,0900 686 7678
Otávio Costa,639.451.207-99,03/10/2000,23,Aeroporto de Porto,177,Túnel De Ibirité,Caldeira,40557523,+55 (061) 8977 4694
Emanuella da Luz,640.185.973-39,24/06/1969,54,Área Letícia da Rocha,66,Vila São Gabriel,Silva,81610320,51 4440 7350
Gustavo Novaes,643.109.875-75,15/10/1962,61,Parque de da Cruz,58,Santa Margarida,Silveira,79037-702,0500-628-5719
Pedro Miguel Pereira,647.582.193-46,14/11/1971,52,Colônia de Almeida,6,Vila Aeroporto Jaraguá,Porto Grande,91930-630,+55 (011) 6653 9338
Dra. Marcela Dias,648.973.125-82,22/06/1993,30,Setor Ana Beatriz Costela,6,Garças,Santos,31967-507,51 2324 3351
Yasmin Farias,650.247.938-38,11/10/1945,78,Residencial de Cardoso,241,Lajedo,Fogaça de Minas,18777288,(081) 0234 3641
Sr. João Vitor Barros,651.847.903-57,16/11/1970,53,Lagoa Teixeira,89,Nazare,Lopes das Flores,80075556,+55 (021) 7026 3494
Camila da Mata,653.482.179-64,14/11/1967,56,Jardim Pereira,73,Vila Nova Gameleira 1ª Seção,da Rosa,9771183,+55 31 4223 4068
Mariane Teixeira,654.109.872-76,18/09/1960,63,Travessa Sales,696,Dom Silverio,Correia do Campo,65247859,+55 (041) 0958 9351
Rafael Moreira,658.379.041-66,01/11/1965,58,Lagoa de Fogaça,7,Aguas Claras,da Cruz,42380-387,+55 (051) 4242-3525
Isabel Almeida,671.823.059-68,01/03/1952,71,Trevo Lucas Sales,92,Dom Silverio,Cunha,11184469,41 0867-9540
Isabella Rocha,672.485.193-91,17/02/1994,29,Ladeira de Santos,1,Madri,Castro de Correia,22388660,+55 (081) 6224 9992
Lara das Neves,673.190.482-13,24/04/1997,26,Vereda João Lucas da Cunha,53,Santa Branca,Lopes,80981156,51 7966 4763
Maria Alice Sales,673.921.584-73,31/07/1990,33,Morro Lucas Gabriel Nogueira,23,Novo São Lucas,Carvalho dos Dourados,64020263,+55 11 5383-0090
Marcelo Araújo,679.518.423-46,14/06/1989,34,Ladeira Fernando Carvalho,92,Vila Barragem Santa Lúcia,Fogaça das Pedras,57829-135,+55 81 1270-5928
Luiz Gustavo Cunha,681.407.539-39,30/09/1966,57,Travessa de das Neves,25,Vila Nova Gameleira 2ª Seção,Cardoso de Minas,13545672,21 3188-5632
Vinicius Vieira,683.207.415-80,13/06/1971,52,Largo de Martins,94,Saudade,das Neves das Pedras,34359826,+55 (041) 0204 6221
Isabel Jesus,685.219.730-12,23/11/1959,64,Feira de da Conceição,852,Horto,Vieira,84734090,+55 (011) 5451 1104
Maria Julia Barros,691.250.874-01,25/09/1955,68,Aeroporto Campos,1,São Cristóvão,Ferreira,09123-026,(011) 5910-2067
Beatriz Almeida,691.258.740-20,19/10/1947,76,Aeroporto Luiz Miguel Freitas,7,Jardim América,Jesus,14060-929,71 6027 3703
Eduarda Nascimento,691.430.852-70,31/10/1977,46,Largo de Mendes,76,Marajó,Costa,92934909,+55 41 4642-9985
Maria Fernanda da Conceição,695.420.713-61,01/08/2001,22,Ladeira de Carvalho,9,Vila Olhos D'água,Carvalho de Minas,66876-910,0800-147-2685
João Felipe Almeida,697.240.138-04,15/04/1957,66,Sítio Silveira,99,Vila Olhos D'água,da Luz,63002-794,41 1317 1563
Sabrina Silva,703.681.495-01,02/01/1957,66,Distrito Daniela Cunha,33,Vila Coqueiral,Cardoso,15517-831,21 5332-2082
Daniela da Mota,704.396.215-34,23/04/2000,23,Residencial Igor Rocha,53,Vila Paris,Silveira,58159848,(081) 6149-6332
Beatriz da Mata,705.316.928-68,06/05/1984,39,Quadra Moura,18,Vila Suzana Segunda Seção,Nascimento,32462121,41 2915 8314
Dr. Lucas Ramos,709.238.614-40,18/05/1946,77,Campo Isaac Lima,190,Betânia,da Rosa dos Dourados,66883-904,+55 61 8395-2317
Srta. Maria Cecília das Neves,709.458.216-11,25/12/1967,56,Quadra Vitor Gabriel da Cunha,597,Santa Terezinha,Porto,28827479,11 1531-0754
Maria Cecília Nogueira,713.458.620-08,11/10/2002,21,Esplanada Bruna Almeida,3,Bonsucesso,Mendes,43307449,+55 (051) 6874-2975
Yuri Barros,718.296.350-77,27/06/1980,43,Praia Almeida,48,Novo Santa Cecilia,Melo,43072-502,+55 (011) 1857 3500
Lara da Mota,718.326.059-30,30/01/2002,21,Esplanada Leonardo Almeida,49,Vista Do Sol,Freitas do Sul,88219-934,0800 399 4109
Dr. Guilherme Teixeira,718.956.024-67,07/12/1961,62,Viela de Costela,8,Vila Independencia 2ª Seção,Pereira,84501-895,+55 21 0456 1893
Lívia da Costa,719.536.824-64,21/08/1963,60,Estação Fernandes,28,Vila Satélite,Fernandes do Amparo,93969-404,+55 (081) 0102 9870
Lucas Gabriel Peixoto,720.894.651-58,08/07/2006,17,Lagoa Henrique Melo,951,Vila Da Luz,Aragão Verde,14071679,+55 51 0787 8393
Maria Sophia Moraes,721.439.856-73,27/09/2006,17,Recanto da Cunha,20,Camponesa 2ª Seção,Carvalho,46569-751,21 1030-9051
Maria Freitas,721.465.390-70,05/10/1962,61,Jardim de da Luz,76,Barro Preto,Ribeiro de Moraes,37975912,(031) 6723-7764
Kaique da Mata,723.418.596-82,07/12/1972,51,Viaduto Gonçalves,401,Paulo Vi,Castro do Amparo,42100439,+55 31 0935 6316
Kevin Rodrigues,723.916.580-95,26/10/1955,68,Viela de da Mata,34,Eymard,Nogueira,72444712,(051) 0576-3674
Vitor Rezende,724.580.619-58,21/01/1965,58,Parque de Correia,68,Novo Glória,Castro de Minas,55450-925,51 0746 6181
João Vitor Peixoto,724.913.685-28,03/09/1999,24,Trecho Duarte,84,Anchieta,Moura,85914-372,(031) 9980-2126
Ana Júlia Souza,728.405.319-41,02/06/1968,55,Praça Viana,408,Aarão Reis,Rodrigues,7087065,(041) 0659-9655
Srta. Ana Beatriz Ferreira,730.159.642-16,16/08/1992,31,Feira de Dias,55,Vila São Francisco,Rodrigues,10323-842,0500 097 4752
Luiz Gustavo Freitas,730.546.298-56,16/10/1957,66,Praça Duarte,74,João Alfredo,Castro de Souza,20955225,+55 71 6768-7169
Alexandre Novaes,734.021.869-69,25/11/1961,62,Estação Augusto Freitas,4,São João Batista,Gonçalves,79263540,(041) 5025-2954
Maysa da Luz,734.286.915-55,22/09/1980,43,Jardim de Ramos,89,Mala E Cuia,Castro das Pedras,50183501,(084) 4340 9692
Rodrigo Oliveira,738.961.420-03,13/08/1963,60,Praia Agatha Mendes,75,São Gabriel,Ribeiro,81897-626,+55 41 7087-3551
Vinicius das Neves,739.408.516-39,04/07/1967,56,Travessa Kevin da Paz,42,Vila Rica,Pires,07060-083,+55 61 8238 6929
Sr. Antônio da Mota,739.561.804-10,20/01/1990,33,Vale da Paz,660,Minas Brasil,Rodrigues de da Mata,77636635,0900 986 4968
Sr. Antônio da Mota,739.561.804-10,20/01/1990,33,Loteamento de da Luz,1,Guaratã,Gonçalves de Goiás,95963-858,+55 (071) 6167 6336
Antônio Oliveira,743.082.615-62,26/03/1950,73,Distrito Cardoso,7,Serrano,da Cruz,68085-631,+55 (021) 6325-8832
Augusto da Luz,743.280.615-26,25/09/1983,40,Viaduto Ana Beatriz Pereira,7,Jaraguá,Novaes do Norte,05150-933,(041) 4718 2443
Yago Vieira,745.036.912-52,27/08/1953,70,Residencial Alexia das Neves,6,Califórnia,Castro da Serra,20378-322,61 1729-2156
Dr. Miguel Moura,745.189.026-02,12/08/2006,17,Chácara Otávio da Mota,86,Lagoinha Leblon,da Cruz,45585796,(061) 5337 4626
João das Neves,745.280.619-02,12/03/1976,47,Viaduto Nicolas Costa,22,Vila Trinta E Um De Março,da Luz de Azevedo,66190437,0500-727-6730
André Azevedo,746.513.082-44,30/01/2003,20,Conjunto de Mendes,793,Lorena,Gonçalves,59117-475,81 6388 2135
Enzo Gabriel Caldeira,746.985.012-02,05/10/1959,64,Residencial João Lucas Barros,36,Vila São João Batista,da Mota da Mata,44471322,71 5770-9094
Thales Almeida,748.620.351-08,17/02/1999,24,Setor de Lima,22,Cachoeirinha,Martins de Minas,42298502,71 5823-3468
Daniela Costela,750.138.469-00,05/07/1979,44,Rua Julia Pereira,43,Goiania,da Costa,91236012,+55 81 3149-9141
Daniel Nunes,750.621.489-01,25/12/1987,36,Jardim Almeida,21,Lagoinha,da Paz,07394-286,+55 (031) 7174-8525
Esther Pinto,752.610.983-86,03/12/1998,25,Feira Leandro Campos,564,Vila Maria,Porto de das Neves,25307153,(084) 8355-4629
Sra. Ana Sophia Monteiro,754.612.803-07,22/12/1961,62,Fazenda Pietro Novaes,17,Cardoso,Melo,91523-754,11 7673-1613
Sra. Luna da Paz,756.129.084-58,28/02/1979,44,Jardim Joana Barros,38,São Francisco Das Chagas,da Conceição Alegre,33562-587,+55 (084) 5461 3378
Maria Eduarda da Costa,756.209.813-12,19/02/1996,27,Estrada Thomas Santos,29,Barão Homem De Melo 2ª Seção,da Cruz Grande,83579380,11 2073-2191
Carlos Eduardo Caldeira,756.304.129-06,06/09/1995,28,Trevo Pedro Gomes,89,Confisco,Oliveira da Prata,17460851,+55 (084) 6499 7242
Danilo Cunha,756.918.024-02,01/02/1951,72,Passarela de Mendes,32,Monsenhor Messias,Ribeiro,75593182,(011) 6898 5941
Ana Julia da Paz,758.204.193-32,26/08/1998,25,Ladeira Lucas Gabriel Teixeira,346,Capitão Eduardo,Nunes Alegre,4055464,(031) 8828 7956
Letícia Alves,758.293.104-14,22/06/1965,58,Feira Moraes,272,Vila Da Paz,Dias,92354415,31 6164 5124
Dr. João Miguel Costela,759.842.361-09,17/04/2002,21,Praia Anthony Pires,752,São Benedito,da Mota,56416572,+55 (081) 5068-9096
Marcelo Caldeira,760.529.143-43,07/08/1953,70,Via Ribeiro,83,Pilar,Teixeira do Norte,44314-737,(021) 2187 8861
Ana Júlia Teixeira,761.243.095-99,03/06/2003,20,Pátio Nunes,8,Vila Engenho Nogueira,Farias,61470200,+55 (031) 9484 9857
Srta. Ana Carolina Nascimento,762.531.409-06,19/04/1989,34,Rua Maria Alice Ferreira,32,Ápia,Monteiro,67151-053,(084) 7654 6757
Thiago Nunes,764.302.189-96,06/10/1961,62,Trecho Larissa Campos,5,Vila Jardim Montanhes,da Mata,1536802,+55 (071) 7469-9543
João Vitor Silva,764.893.521-09,19/11/1944,79,Condomínio de das Neves,62,Vila Independencia 2ª Seção,da Conceição,79757-781,+55 (041) 1219-5518
Erick Cunha,765.382.140-53,07/03/1974,49,Alameda Correia,945,Novo Glória,Campos Verde,79994055,(021) 3769 7115
Ana Luiza Ribeiro,765.840.923-56,02/05/1988,35,Praia Gonçalves,87,Anchieta,Gomes,71995-914,11 5860-8629
Ian Fogaça,768.902.135-21,19/02/1975,48,Rua de Barros,395,Santa Rosa,da Cunha das Pedras,76493829,(084) 7096 0455
Benício Pereira,769.452.081-76,13/10/1957,66,Rodovia Monteiro,27,Campo Alegre,Silveira,33372692,+55 51 2278 1898
Rafaela Costa,781.026.954-20,08/02/1944,79,Pátio da Cunha,98,São Jorge 3ª Seção,da Mota do Galho,38356-155,0500-800-6836
Yago Barbosa,781.032.645-71,09/11/1997,26,Viela de Barbosa,108,Embaúbas,Porto do Norte,45138828,+55 (031) 6520-0260
Brenda Araújo,783.526.490-00,07/07/1983,40,Passarela de Fernandes,88,Palmares,Caldeira dos Dourados,67591239,61 1949-5741
Paulo Duarte,785.093.624-83,18/05/2000,23,Campo de da Luz,870,São Damião,da Cruz de da Cruz,56011732,(061) 0843-6109
Luiz Otávio Caldeira,786.951.043-20,30/06/1967,56,Jardim de Lima,234,Leticia,Azevedo do Galho,41031-323,61 8627 3701
Gabrielly da Mata,790.362.845-38,13/01/1970,53,Rodovia Melissa Lopes,63,Embaúbas,Moreira de Teixeira,22303892,+55 (051) 3363 9647
Maria Vitória Fernandes,790.581.436-00,01/09/1950,73,Praia Arthur Rocha,42,Vila Oeste,Carvalho,88564649,+55 81 6622 4525
Leandro Pinto,793.085.461-20,29/12/1950,73,Rodovia Monteiro,34,Andiroba,Novaes Grande,90107283,61 0111 1011
Leandro Pinto,793.085.461-20,29/12/1950,73,Viaduto de Cunha,39,Vila Batik,da Cruz,05181-120,+55 61 9244 1645
Leandro Pinto,793.085.461-20,29/12/1950,73,Pátio de da Rocha,40,Vila Do Pombal,Mendes da Mata,92204788,+55 51 7411 7039
Leandro Pinto,793.085.461-20,29/12/1950,73,Via de Nunes,9,Glória,Fogaça do Galho,86722688,(041) 1802 5705
Ana Carolina Melo,802.974.531-14,24/10/1981,42,Campo Rezende,8,Vila São Dimas,Rocha Alegre,57151-037,84 1099-2593
Augusto Martins,803.467.529-65,30/12/1977,46,Feira Rezende,74,Tiradentes,Costela do Amparo,51697-329,(031) 6476-8207
Camila Rocha,807.129.465-94,30/10/1968,55,Praia Elisa Sales,647,Pindura Saia,Ferreira,75939-929,+55 (041) 0563-1828
Leandro Vieira,809.537.624-83,10/09/1969,54,Via da Cruz,46,Vila Paris,da Rocha,64510123,71 0777 7233
Amanda da Cunha,813.576.409-00,26/05/1991,32,Residencial de Porto,20,São Sebastião,Sales das Pedras,8311446,71 2679 7762
Paulo Almeida,813.965.704-20,05/04/1970,53,Condomínio Melo,10,Lourdes,Fogaça do Oeste,46004707,(041) 1763 3010
Vicente Farias,814.206.935-06,25/08/1957,66,Viela Matheus Cavalcanti,82,Mineirão,Correia,92039154,31 9828 0388
Helena Fernandes,815.296.703-30,26/03/2003,20,Rodovia de Cunha,27,Vila Puc,Fogaça,44419139,31 4184-2699
Larissa Pereira,819.427.605-58,08/10/1973,50,Avenida Kamilly Gonçalves,956,Vila Nova Paraíso,Freitas Verde,53421255,61 4787 1899
Igor Sales,823.976.051-12,17/07/1964,59,Estrada Monteiro,3,Vila Madre Gertrudes 3ª Seção,Viana,18119427,61 2210-5482
Felipe Lima,826.054.397-47,22/08/1974,49,Viela de Dias,82,Jardim Leblon,da Paz da Praia,12773-179,(021) 1406-8457
Giovanna Cardoso,829.753.640-83,06/10/1956,67,Passarela Ramos,23,Conjunto Novo Dom Bosco,Lima da Praia,40319-587,+55 (071) 9481-8724
Pietra Castro,836.092.714-69,19/11/1972,51,Estrada Novaes,17,Barro Preto,Mendes,03855-356,+55 84 5433-7004
Enrico Caldeira,836.427.905-00,19/01/1984,39,Jardim de Martins,7,São Bento,Vieira,21687-255,+55 (084) 8954 5006
Dra. Maria Fernanda Ferreira,836.950.471-00,12/07/2001,22,Rodovia Novaes,29,Novo Aarão Reis,Santos,82920456,(084) 4863-6577
Daniela Cavalcanti,837.950.126-86,22/06/1947,76,Quadra Martins,15,Vila São Geraldo,Silveira de Caldeira,36638041,(041) 2910-8093
Guilherme Freitas,839.521.647-55,13/06/1957,66,Núcleo Novaes,36,Conjunto Paulo Vi,Novaes de Aragão,37358674,+55 11 8462 0976
Pietra Moreira,840.527.196-11,09/12/1956,67,Praia Ana Vitória Rezende,3,Vila Dos Anjos,Cavalcanti do Galho,51512855,+55 71 0107-1336
Mariane Cunha,842.735.619-64,31/12/1970,53,Condomínio da Rocha,542,Vila De Sá,da Cunha,62508-280,+55 (031) 9418 6597
Emanuelly Martins,842.751.936-28,12/12/1945,78,Lagoa Melo,4,Camponesa 2ª Seção,da Mata,32072322,0300 343 1828
Sra. Marina Martins,843.510.972-05,06/09/1978,45,Lagoa da Mota,7,Vila Bandeirantes,Moreira,67616168,+55 61 1432 1570
Mariana das Neves,845.371.269-73,20/07/1963,60,Travessa de Rodrigues,71,Varzea Da Palma,da Cunha,62107-252,+55 (041) 2436-3520
Vinicius Azevedo,845.397.162-55,02/02/1969,54,Aeroporto João Guilherme Pinto,39,Nazare,da Rosa do Galho,3825839,+55 11 8287-2913
Bruna Fogaça,846.037.295-29,13/01/1964,59,Pátio Sales,270,Vila Nova Gameleira 3ª Seção,Cavalcanti,21433693,21 8932 4527
Daniel Monteiro,847.105.296-20,23/06/1955,68,Feira Costela,34,Vila Canto Do Sabiá,da Mata,99588395,+55 (071) 9039 2110
Benício Silva,849.321.670-40,04/02/2005,18,Colônia Aragão,95,Esplanada,Alves Verde,44797189,(041) 0653 1943
Bruna Nascimento,850.162.374-17,19/09/1955,68,Estrada de Duarte,739,Vera Cruz,Rocha,70128-562,51 1837 9631
Danilo Monteiro,850.176.329-21,09/03/2001,22,Vereda Pietra Lima,489,São Damião,Souza da Praia,52924444,+55 (071) 3204 8122
Bárbara Silva,850.217.436-35,11/08/1992,31,Lago Bernardo da Mata,60,Céu Azul,Nogueira,12068-804,(051) 2348 2683
Luiz Otávio Pinto,850.967.421-30,14/07/1991,32,Morro Martins,90,Paraíso,Novaes Grande,11840981,+55 (021) 2681-7484
Marcela Pinto,851.429.763-55,15/10/1943,80,Loteamento Manuela Cardoso,76,Vila Nova Dos Milionarios,Castro,14174482,51 5045 2144
Kevin Costa,853.046.927-56,10/05/1995,28,Avenida Costela,690,Parque São José,Ferreira das Pedras,07867-643,0500-543-3216
Ana Carolina Mendes,856.947.320-65,13/07/1977,46,Residencial Renan Cunha,77,Novo Glória,Campos das Flores,56241-510,+55 (071) 1730-0127
Daniel da Luz,862.194.503-70,24/10/1972,51,Lagoa Bernardo Moraes,7,Carlos Prates,Oliveira dos Dourados,45579-698,21 8250-3208
Gabriela Souza,863.195.427-64,19/12/1959,64,Vereda de Cardoso,9,Santa Lúcia,Barbosa de Santos,21467280,+55 (084) 4855 3932
Eduardo Lopes,867.051.923-21,20/09/1944,79,Favela Pires,1,Canadá,Porto da Prata,52562-441,+55 61 5790-4320
Maria Fernanda Nunes,869.715.230-59,17/08/1978,45,Rodovia Maria Cecília Moraes,25,Satelite,Moraes do Oeste,64726356,71 1674 6235
Maria Eduarda Rezende,870.614.592-20,01/04/1989,34,Estação Mendes,74,Novo São Lucas,Ribeiro Alegre,51344742,84 6184-7646
Dr. João Lucas da Costa,871.034.529-97,19/01/1999,24,Quadra Enzo Gabriel Jesus,77,Ermelinda,da Mota,70093320,+55 (071) 4184 8621
Sr. Yuri Silveira,871.503.246-90,03/04/1970,53,Rua de Cardoso,72,Vila Oeste,Viana de da Cunha,74764-446,(021) 5227 2234
Dr. Luiz Otávio Silva,872.196.034-87,28/02/1996,27,Praça Oliveira,10,Boa Esperança,Melo,83991-187,(061) 8488 9026
Luiz Otávio da Mota,873.596.024-83,31/07/1996,27,Favela de Pinto,37,Candelaria,Teixeira,48778691,+55 71 5765 7245
Emanuelly Nogueira,879.062.531-59,04/06/2003,20,Residencial das Neves,23,Nova America,Castro,67275-342,51 8561 9953
Alexandre Pinto,890.217.346-13,17/06/1990,33,Alameda de Peixoto,3,Boa União 2ª Seção,Cardoso,35030346,+55 61 6925 0120
Gabriela Duarte,893.645.207-00,25/05/1991,32,Feira Clara da Cruz,2,Funcionários,Araújo de Freitas,68192-357,(081) 4581-3608
Dr. Pedro da Luz,894.120.356-24,12/08/1997,26,Travessa de Peixoto,8,Diamante,Cardoso,1828385,+55 (081) 1804 0383
Anthony da Paz,901.246.583-42,30/03/1984,39,Estação de Santos,22,Santa Isabel,das Neves,52923-206,+55 (071) 4368 0024
Sabrina da Paz,903.267.148-04,29/10/1973,50,Fazenda Rezende,401,Jatobá,Silva dos Dourados,44930-667,+55 (084) 6213 8522
Dra. Laura da Cunha,903.561.278-77,18/08/1994,29,Viaduto de Cardoso,84,Jardim América,Nunes,21551-211,+55 21 6733-4406
Benjamin Cardoso,905.123.764-25,19/04/1949,74,Via Campos,97,Salgado Filho,Silva,69384983,+55 11 0989 5154
Lucca da Mota,906.847.132-50,25/03/1960,63,Feira de Nascimento,6,Nazare,Souza Alegre,70484-933,+55 11 0198 3117
Luna Gonçalves,907.658.413-39,15/05/1961,62,Distrito Clarice Sales,719,Capitão Eduardo,Campos do Campo,64458314,+55 41 2189-2756
Rodrigo Correia,908.167.543-57,27/06/1981,42,Vila de Almeida,7,Mariquinhas,Nogueira Alegre,63729-220,+55 (081) 9037-4404
Miguel Almeida,908.561.243-89,01/12/1972,51,Feira de das Neves,91,Capitão Eduardo,Santos,12211-014,0800-396-7701
Ana Lívia Melo,910.425.763-43,28/04/1976,47,Loteamento Lucas Pires,50,Outro,Vieira Verde,80680013,(081) 2786 2664
Vitor Fogaça,912.034.567-43,27/04/1948,75,Praia Maysa Costa,64,São Paulo,Santos,71367951,(061) 1571-2189
Pedro Henrique das Neves,913.205.486-60,09/03/1965,58,Rua Alves,7,Céu Azul,da Mata,71130914,61 3959-4097
Caio Moura,918.253.740-23,23/09/1948,75,Núcleo Paulo Silveira,55,Santa Terezinha,da Mota,02497-380,0900 783 6495
Ana Lívia Novaes,920.167.835-59,09/11/1947,76,Colônia de Costa,5,Vila Calafate,Costa,78771-791,11 0522-0714
Dra. Alícia Aragão,920.547.183-60,03/12/1955,68,Ladeira Yasmin Nogueira,58,Vila Piratininga,Carvalho de Ferreira,46637459,0900-220-7241
Benício da Rocha,921.375.480-97,02/02/1999,24,Vale de Costa,933,Sport Club,Jesus,35009573,+55 84 7262-3898
Marina Martins,921.467.058-76,30/06/1946,77,Esplanada de Correia,75,Saudade,Lima da Prata,91854298,(084) 7691 7280
Sr. Lucca Aragão,925.807.341-04,02/07/1959,64,Avenida Viana,106,Estoril,Pereira,37741504,+55 (081) 5200 3507
Vitória Alves,927.835.014-14,17/03/1951,72,Lagoa Mendes,75,Nova Esperança,da Mota de Farias,67916-439,0300 505 2661
Fernanda da Costa,928.165.730-95,20/04/1993,30,Setor Porto,10,Miramar,Cardoso,82127-356,+55 (031) 5111 8969
Maria Eduarda Silva,928.357.406-00,12/06/1949,74,Área Davi Lucas Ribeiro,336,Santa Margarida,Costa,36757-791,+55 (051) 0702 6450
Alexia Lima,930.185.264-06,24/09/1980,43,Chácara Emanuel Barbosa,52,Vila Nova Gameleira 3ª Seção,da Conceição,57480-749,31 9403-6533
Helena Campos,930.741.625-70,11/11/2003,20,Rodovia Rocha,64,Santa Inês,da Rocha,1594632,+55 (011) 8548 2112
Sr. Lucca Cavalcanti,930.872.614-40,29/07/1944,79,Viela Rezende,3,Vila Piratininga,Moura da Praia,45651693,81 8551-7343
Sra. Catarina Pires,932.604.718-04,31/03/2002,21,Viela João da Costa,88,Vila Santo Antônio Barroquinha,Barros,21242592,+55 (011) 9226-9678
Renan da Rocha,932.681.045-33,26/01/1985,38,Pátio Ana Clara Almeida,245,Outro,da Conceição,88438-367,61 1463 1197
Renan da Rocha,932.681.045-33,26/01/1985,38,Avenida Rodrigues,22,Cidade Jardim,da Costa,59291540,+55 (081) 8150-8884
Maria Sophia Viana,936.025.718-40,13/01/1990,33,Residencial de Moraes,836,São Vicente,Silva,63040-014,+55 21 6408-6689
Lara Lima,936.741.520-61,06/09/1960,63,Colônia Lucas Gabriel Lima,8,Vila Do Pombal,Silveira,80120763,31 9543 3505
Sra. Raquel Cardoso,937.056.248-65,31/07/2000,23,Estação de Cardoso,48,Frei Leopoldo,Mendes de da Cunha,28622-227,+55 21 5128 6664
Emanuelly Cunha,937.185.460-00,19/07/1977,46,Loteamento de Porto,1,Vila Das Oliveiras,da Paz,31553-476,0900 401 9879
Sophia Freitas,937.542.016-70,30/04/1985,38,Viaduto da Mota,753,Conjunto Capitão Eduardo,Gonçalves,05535-492,+55 (041) 6281 9749
Ana Laura da Luz,940.216.875-30,26/03/1975,48,Condomínio Luiz Gustavo Nogueira,20,Granja De Freitas,Gomes,90630658,+55 81 6177 6115
Caroline Moraes,946.078.253-10,04/04/1958,65,Fazenda Natália Monteiro,50,Vila São Paulo,Moreira de Monteiro,45662472,(084) 8782 1559
Lavínia da Costa,946.103.285-42,16/09/1975,48,Aeroporto Camila Fogaça,92,Cidade Jardim Taquaril,Santos,62415-690,+55 21 2300-1941
Beatriz Alves,946.502.317-52,16/04/1995,28,Favela de Campos,56,Lourdes,Moraes,93220-401,+55 51 6805 2920
Maysa da Rosa,946.753.801-66,18/08/1993,30,Praia de Jesus,68,Concórdia,Gomes,97360059,0900-618-9576
Maria Eduarda Viana,948.512.073-79,14/11/1972,51,Vila Moura,8,Planalto,Gonçalves Alegre,25759621,(081) 1189 0492
Gustavo Henrique Lopes,950.436.781-00,07/03/1974,49,Alameda de Cardoso,4,Horto Florestal,Almeida,36086880,+55 (051) 1634-3970
João Pedro Cavalcanti,951.730.246-07,17/09/2000,23,Alameda Castro,22,Leonina,Caldeira,27023468,+55 61 0554 5592
Sabrina Pereira,956.028.314-60,07/11/1994,29,Sítio das Neves,83,Beira Linha,da Mota,22886-562,(021) 7355 3983
Kaique Costela,956.437.210-07,10/09/2003,20,Estrada Guilherme Fogaça,95,Lajedo,Cardoso,51470-328,+55 (084) 2722 7138
Rafaela Rodrigues,960.852.137-86,14/07/1960,63,Conjunto de da Luz,7,Vila Nova Gameleira 3ª Seção,Castro do Campo,62611,(084) 7967-8721
Gabrielly Nogueira,963.702.184-13,23/01/1981,42,Quadra Rodrigues,92,Funcionários,Alves das Pedras,64246781,(041) 8631-0393
Manuela Souza,964.531.872-64,30/11/1986,37,Pátio de Melo,41,Vila Pinho,Rezende da Mata,86018-166,(061) 5514 6253
Alana Pires,965.017.834-10,06/02/1959,64,Sítio Lavínia Ferreira,42,Venda Nova,Sales,82156-791,(041) 1287-9977
Marcos Vinicius Pires,965.438.201-60,06/02/1983,40,Trecho de da Costa,93,Alta Tensão 1ª Seção,Caldeira,8149908,21 1443-1529
Marcos Vinicius Pires,965.438.201-60,06/02/1983,40,Rodovia de da Mata,25,Santa Inês,Rodrigues do Sul,72667125,0900 277 9708
Dr. Kevin Carvalho,970.548.612-30,14/01/1965,58,Colônia Nascimento,55,Palmares,da Conceição,12348267,+55 (021) 3623 7812
Cecília Santos,972.640.158-58,15/04/1979,44,Vale Thomas Oliveira,37,Dom Cabral,Caldeira,65542-442,61 9625-7193
Leandro Duarte,973.405.862-29,29/03/2006,17,Estação Yago Costa,3,Vila Sumaré,Sales Alegre,14525-420,(031) 4386-8789
Caio da Luz,974.620.183-22,26/08/1972,51,Travessa de Cardoso,61,Atila De Paiva,da Cunha,69466-525,(041) 6595 5803
Alícia Barros,976.825.130-12,07/10/1999,24,Rodovia de Novaes,9,Baleia,da Cruz de Silva,79635296,(061) 6394 7404
Sr. Pedro Costa,980.267.514-85,25/10/1953,70,Conjunto Luiz Felipe Cardoso,771,Parque São Pedro,Rocha,31998-875,+55 81 3062 0765
Lívia Duarte,982.365.714-91,28/08/1951,72,Fazenda Rezende,36,Tiradentes,Ramos,83361-683,0300-781-8602
João Miguel Moraes,984.560.217-76,14/03/1980,43,Sítio de Alves,18,Alto Dos Pinheiros,Peixoto,36288588,21 6035 8940
Fernanda Jesus,986.027.435-56,25/02/2006,17,Alameda Helena Pires,78,Vila Olhos D'água,Porto de Souza,58643098,(071) 1932-3705
Dra. Ana Luiza Cunha,987.136.024-03,08/01/1998,25,Vereda Melissa Martins,7,Dom Cabral,Ferreira Verde,81172-618,+55 81 6639 2615